{"totalReviews":16264,"totalLocations":21,"lifetimeAvgRating":4.29,"period30dSentiment":{"n":419,"positiveN":366,"neutralN":18,"badN":35,"positive":87.3508353221957,"neutral":4.295942720763723,"bad":8.353221957040573},"computedAt":"2026-06-30T02:11:24.625447+00:00"}